Record Type,Account Number,Account Name,Date,Credit Amount,Debit Amount,Code,Description,Reference,Memo
Balance,41927018,Atlantic Care Clearing Account,7/31/2025,77128.88,,010,Opening Ledger,,
Balance,41927018,Atlantic Care Clearing Account,7/31/2025,307.26,,015,Closing Ledger,,
Balance,41927018,Atlantic Care Clearing Account,7/31/2025,51903.88,,040,Opening Available,,
Balance,41927018,Atlantic Care Clearing Account,7/31/2025,307.26,,045,Closing Available,,
Balance,41927018,Atlantic Care Clearing Account,7/31/2025,,,056,Loan Balance,,
Balance,41927018,Atlantic Care Clearing Account,7/31/2025,,,072,1 - Day Float,,
Balance,41927018,Atlantic Care Clearing Account,7/31/2025,,,074,2 Or More Days Float,,
Balance,41927018,Atlantic Care Clearing Account,7/31/2025,,,075,3 Or More Days Float,,
Balance,41927018,Atlantic Care Clearing Account,7/31/2025,47804.99,,100,Total Credits,,
Balance,41927018,Atlantic Care Clearing Account,7/31/2025,124626.61,,400,Total Debits,,
Detail,41927018,Atlantic Care Clearing Account,7/31/2025,39160,,142,DDA ACH Deposit,88051,FH Medicare HAX HCCLAIMPMT TRN*1*XXXXX5474*1412128275\
Detail,41927018,Atlantic Care Clearing Account,7/31/2025,6111.7,,142,DDA ACH Deposit,165953,Ultimate Health HCCLAIMPMT TRN*1*2000020879*1453706770*07
Detail,41927018,Atlantic Care Clearing Account,7/31/2025,1558.04,,142,DDA ACH Deposit,236140,BANKCARD         BTOT DEP SEA BREEZE REHAB AND N 518993321301996
Detail,41927018,Atlantic Care Clearing Account,7/31/2025,667.99,,142,DDA ACH Deposit,150720,AARP Supplementa HCCLAIMPMT TRN*1*11291049218*1362739571*0
Detail,41927018,Atlantic Care Clearing Account,7/31/2025,,124626.61,577,Zero Balance Transfer Debit,6,SWEEP TO DDA     0042010203
Detail,41927018,Atlantic Care Clearing Account,7/31/2025,307.26,,275,Zero Balance Transfer Credit,7,SWEEP FROM DDA     0041927021
Balance,41927018,Atlantic Care Clearing Account,7/30/2025,28263,,010,Opening Ledger,,
Balance,41927018,Atlantic Care Clearing Account,7/30/2025,77128.88,,015,Closing Ledger,,
Balance,41927018,Atlantic Care Clearing Account,7/30/2025,,,040,Opening Available,,
Balance,41927018,Atlantic Care Clearing Account,7/30/2025,51903.88,,045,Closing Available,,
Balance,41927018,Atlantic Care Clearing Account,7/30/2025,,,056,Loan Balance,,
Balance,41927018,Atlantic Care Clearing Account,7/30/2025,25225,,072,1 - Day Float,,
Balance,41927018,Atlantic Care Clearing Account,7/30/2025,,,074,2 Or More Days Float,,
Balance,41927018,Atlantic Care Clearing Account,7/30/2025,,,075,3 Or More Days Float,,
Balance,41927018,Atlantic Care Clearing Account,7/30/2025,63634.39,,100,Total Credits,,
Balance,41927018,Atlantic Care Clearing Account,7/30/2025,14768.51,,400,Total Debits,,
Detail,41927018,Atlantic Care Clearing Account,7/30/2025,6285,,142,DDA ACH Deposit,8817,BCBS OF MASS HCCLAIMPMT TRN*1*XXXXX7643*1041045815\
Detail,41927018,Atlantic Care Clearing Account,7/30/2025,5320,,142,DDA ACH Deposit,80750,HUMANA INC US LE HCCLAIMPMT TRN*1*2629673*1592598550\
Detail,41927018,Atlantic Care Clearing Account,7/30/2025,125.51,,142,DDA ACH Deposit,29392,Sunshine State H HCCLAIMPMT TRN*1*0914418366*1208937577\
Detail,41927018,Atlantic Care Clearing Account,7/30/2025,,14768.51,577,Zero Balance Transfer Debit,6,SWEEP TO DDA     0042010203
Detail,41927018,Atlantic Care Clearing Account,7/30/2025,51903.88,,275,Zero Balance Transfer Credit,7,SWEEP FROM DDA     0041927021
Balance,41927018,Atlantic Care Clearing Account,7/29/2025,3972,,010,Opening Ledger,,
Balance,41927018,Atlantic Care Clearing Account,7/29/2025,28263,,015,Closing Ledger,,
Balance,41927018,Atlantic Care Clearing Account,7/29/2025,,,040,Opening Available,,
Balance,41927018,Atlantic Care Clearing Account,7/29/2025,,,045,Closing Available,,
Balance,41927018,Atlantic Care Clearing Account,7/29/2025,,,056,Loan Balance,,
Balance,41927018,Atlantic Care Clearing Account,7/29/2025,3038,,072,1 - Day Float,,
Balance,41927018,Atlantic Care Clearing Account,7/29/2025,25225,,074,2 Or More Days Float,,
Balance,41927018,Atlantic Care Clearing Account,7/29/2025,,,075,3 Or More Days Float,,
Balance,41927018,Atlantic Care Clearing Account,7/29/2025,26070.92,,100,Total Credits,,
Balance,41927018,Atlantic Care Clearing Account,7/29/2025,1779.92,,400,Total Debits,,
Detail,41927018,Atlantic Care Clearing Account,7/29/2025,570.92,,142,DDA ACH Deposit,13316,HMP HCCLAIMPMT TRN*1*164002694250726*16111038
Detail,41927018,Atlantic Care Clearing Account,7/29/2025,25500,,175,Business Remote Deposit Capture,6216446,BUSINESS RDC
Detail,41927018,Atlantic Care Clearing Account,7/29/2025,,1779.92,577,Zero Balance Transfer Debit,6,SWEEP TO DDA     0042010203
Balance,41927018,Atlantic Care Clearing Account,7/28/2025,934,,010,Opening Ledger,,
Balance,41927018,Atlantic Care Clearing Account,7/28/2025,3972,,015,Closing Ledger,,
Balance,41927018,Atlantic Care Clearing Account,7/28/2025,,,040,Opening Available,,
Balance,41927018,Atlantic Care Clearing Account,7/28/2025,,,045,Closing Available,,
Balance,41927018,Atlantic Care Clearing Account,7/28/2025,,,056,Loan Balance,,
Balance,41927018,Atlantic Care Clearing Account,7/28/2025,934,,072,1 - Day Float,,
Balance,41927018,Atlantic Care Clearing Account,7/28/2025,3038,,074,2 Or More Days Float,,
Balance,41927018,Atlantic Care Clearing Account,7/28/2025,,,075,3 Or More Days Float,,
Balance,41927018,Atlantic Care Clearing Account,7/28/2025,5026,,100,Total Credits,,
Balance,41927018,Atlantic Care Clearing Account,7/28/2025,1988,,400,Total Debits,,
Detail,41927018,Atlantic Care Clearing Account,7/28/2025,1713,,142,DDA ACH Deposit,164541,Sea Breeze Rehab Settlement Sea Breeze Rehab And N 000024512856110
Detail,41927018,Atlantic Care Clearing Account,7/28/2025,3313,,175,Business Remote Deposit Capture,6110030,BUSINESS RDC
Detail,41927018,Atlantic Care Clearing Account,7/28/2025,,1988,577,Zero Balance Transfer Debit,6,SWEEP TO DDA     0042010203
Balance,41927018,Atlantic Care Clearing Account,7/25/2025,2822.18,,010,Opening Ledger,,
Balance,41927018,Atlantic Care Clearing Account,7/25/2025,934,,015,Closing Ledger,,
Balance,41927018,Atlantic Care Clearing Account,7/25/2025,1193.17,,040,Opening Available,,
Balance,41927018,Atlantic Care Clearing Account,7/25/2025,,,045,Closing Available,,
Balance,41927018,Atlantic Care Clearing Account,7/25/2025,,,056,Loan Balance,,
Balance,41927018,Atlantic Care Clearing Account,7/25/2025,,,072,1 - Day Float,,
Balance,41927018,Atlantic Care Clearing Account,7/25/2025,934,,074,2 Or More Days Float,,
Balance,41927018,Atlantic Care Clearing Account,7/25/2025,,,075,3 Or More Days Float,,
Balance,41927018,Atlantic Care Clearing Account,7/25/2025,19442.49,,100,Total Credits,,
Balance,41927018,Atlantic Care Clearing Account,7/25/2025,21330.67,,400,Total Debits,,
Detail,41927018,Atlantic Care Clearing Account,7/25/2025,18231.6,,142,DDA ACH Deposit,63400,BCBSF HCCLAIMPMT TRN*1*XXXXX8761*1592015694\
Detail,41927018,Atlantic Care Clearing Account,7/25/2025,1.89,,142,DDA ACH Deposit,171414,Sunshine State H HCCLAIMPMT TRN*1*0914383011*1208937577\
Detail,41927018,Atlantic Care Clearing Account,7/25/2025,1209,,175,Business Remote Deposit Capture,6108913,BUSINESS RDC
Detail,41927018,Atlantic Care Clearing Account,7/25/2025,,21330.67,577,Zero Balance Transfer Debit,6,SWEEP TO DDA     0042010203
Balance,41927018,Atlantic Care Clearing Account,7/24/2025,265164.06,,010,Opening Ledger,,
Balance,41927018,Atlantic Care Clearing Account,7/24/2025,2822.18,,015,Closing Ledger,,
Balance,41927018,Atlantic Care Clearing Account,7/24/2025,262326.05,,040,Opening Available,,
Balance,41927018,Atlantic Care Clearing Account,7/24/2025,1193.17,,045,Closing Available,,
Balance,41927018,Atlantic Care Clearing Account,7/24/2025,,,056,Loan Balance,,
Balance,41927018,Atlantic Care Clearing Account,7/24/2025,1629.01,,072,1 - Day Float,,
Balance,41927018,Atlantic Care Clearing Account,7/24/2025,,,074,2 Or More Days Float,,
Balance,41927018,Atlantic Care Clearing Account,7/24/2025,,,075,3 Or More Days Float,,
Balance,41927018,Atlantic Care Clearing Account,7/24/2025,5938.96,,100,Total Credits,,
Balance,41927018,Atlantic Care Clearing Account,7/24/2025,268280.84,,400,Total Debits,,
Detail,41927018,Atlantic Care Clearing Account,7/24/2025,4547.81,,142,DDA ACH Deposit,148838,Sea Breeze Rehab Settlement Sea Breeze Rehab And N 000024491588454
Detail,41927018,Atlantic Care Clearing Account,7/24/2025,197.98,,142,DDA ACH Deposit,36085,HMP HCCLAIMPMT TRN*1*163702642250722*16111038
Detail,41927018,Atlantic Care Clearing Account,7/24/2025,,268280.84,577,Zero Balance Transfer Debit,6,SWEEP TO DDA     0042010203
Detail,41927018,Atlantic Care Clearing Account,7/24/2025,1193.17,,275,Zero Balance Transfer Credit,7,SWEEP FROM DDA     0041927021
Balance,41927018,Atlantic Care Clearing Account,7/23/2025,3837,,010,Opening Ledger,,
Balance,41927018,Atlantic Care Clearing Account,7/23/2025,265164.06,,015,Closing Ledger,,
Balance,41927018,Atlantic Care Clearing Account,7/23/2025,,,040,Opening Available,,
Balance,41927018,Atlantic Care Clearing Account,7/23/2025,262326.05,,045,Closing Available,,
Balance,41927018,Atlantic Care Clearing Account,7/23/2025,,,056,Loan Balance,,
Balance,41927018,Atlantic Care Clearing Account,7/23/2025,1209,,072,1 - Day Float,,
Balance,41927018,Atlantic Care Clearing Account,7/23/2025,1629.01,,074,2 Or More Days Float,,
Balance,41927018,Atlantic Care Clearing Account,7/23/2025,,,075,3 Or More Days Float,,
Balance,41927018,Atlantic Care Clearing Account,7/23/2025,264230.06,,100,Total Credits,,
Balance,41927018,Atlantic Care Clearing Account,7/23/2025,2903,,400,Total Debits,,
Detail,41927018,Atlantic Care Clearing Account,7/23/2025,1904.01,,175,Business Remote Deposit Capture,6218955,BUSINESS RDC
Detail,41927018,Atlantic Care Clearing Account,7/23/2025,,2903,577,Zero Balance Transfer Debit,6,SWEEP TO DDA     0042010203
Detail,41927018,Atlantic Care Clearing Account,7/23/2025,262326.05,,275,Zero Balance Transfer Credit,7,SWEEP FROM DDA     0041927021
Balance,41927018,Atlantic Care Clearing Account,7/22/2025,2628,,010,Opening Ledger,,
Balance,41927018,Atlantic Care Clearing Account,7/22/2025,3837,,015,Closing Ledger,,
Balance,41927018,Atlantic Care Clearing Account,7/22/2025,,,040,Opening Available,,
Balance,41927018,Atlantic Care Clearing Account,7/22/2025,,,045,Closing Available,,
Balance,41927018,Atlantic Care Clearing Account,7/22/2025,,,056,Loan Balance,,
Balance,41927018,Atlantic Care Clearing Account,7/22/2025,2628,,072,1 - Day Float,,
Balance,41927018,Atlantic Care Clearing Account,7/22/2025,1209,,074,2 Or More Days Float,,
Balance,41927018,Atlantic Care Clearing Account,7/22/2025,,,075,3 Or More Days Float,,
Balance,41927018,Atlantic Care Clearing Account,7/22/2025,26902.88,,100,Total Credits,,
Balance,41927018,Atlantic Care Clearing Account,7/22/2025,25693.88,,400,Total Debits,,
Detail,41927018,Atlantic Care Clearing Account,7/22/2025,24010.1,,142,DDA ACH Deposit,117861,HNB - ECHO HCCLAIMPMT TRN*1*1199551349*1341858379\
Detail,41927018,Atlantic Care Clearing Account,7/22/2025,1408.78,,142,DDA ACH Deposit,152349,PAY PLUS HCCLAIMPMT TRN*1*XXXXX6457*1821866443\
Detail,41927018,Atlantic Care Clearing Account,7/22/2025,1484,,175,Business Remote Deposit Capture,6109719,BUSINESS RDC
Detail,41927018,Atlantic Care Clearing Account,7/22/2025,,25693.88,577,Zero Balance Transfer Debit,6,SWEEP TO DDA     0042010203
Balance,41927018,Atlantic Care Clearing Account,7/21/2025,,,010,Opening Ledger,,
Balance,41927018,Atlantic Care Clearing Account,7/21/2025,2628,,015,Closing Ledger,,
Balance,41927018,Atlantic Care Clearing Account,7/21/2025,,,040,Opening Available,,
Balance,41927018,Atlantic Care Clearing Account,7/21/2025,,,045,Closing Available,,
Balance,41927018,Atlantic Care Clearing Account,7/21/2025,,,056,Loan Balance,,
Balance,41927018,Atlantic Care Clearing Account,7/21/2025,,,072,1 - Day Float,,
Balance,41927018,Atlantic Care Clearing Account,7/21/2025,2628,,074,2 Or More Days Float,,
Balance,41927018,Atlantic Care Clearing Account,7/21/2025,,,075,3 Or More Days Float,,
Balance,41927018,Atlantic Care Clearing Account,7/21/2025,6631.03,,100,Total Credits,,
Balance,41927018,Atlantic Care Clearing Account,7/21/2025,4003.03,,400,Total Debits,,
Detail,41927018,Atlantic Care Clearing Account,7/21/2025,3728.03,,142,DDA ACH Deposit,169277,BANKCARD         BTOT DEP SEA BREEZE REHAB AND N 518993321301996
Detail,41927018,Atlantic Care Clearing Account,7/21/2025,2903,,175,Business Remote Deposit Capture,6109934,BUSINESS RDC
Detail,41927018,Atlantic Care Clearing Account,7/21/2025,,4003.03,577,Zero Balance Transfer Debit,6,SWEEP TO DDA     0042010203
Balance,41927018,Atlantic Care Clearing Account,7/18/2025,118.6,,010,Opening Ledger,,
Balance,41927018,Atlantic Care Clearing Account,7/18/2025,,,015,Closing Ledger,,
Balance,41927018,Atlantic Care Clearing Account,7/18/2025,118.6,,040,Opening Available,,
Balance,41927018,Atlantic Care Clearing Account,7/18/2025,,,045,Closing Available,,
Balance,41927018,Atlantic Care Clearing Account,7/18/2025,,,056,Loan Balance,,
Balance,41927018,Atlantic Care Clearing Account,7/18/2025,,,072,1 - Day Float,,
Balance,41927018,Atlantic Care Clearing Account,7/18/2025,,,074,2 Or More Days Float,,
Balance,41927018,Atlantic Care Clearing Account,7/18/2025,,,075,3 Or More Days Float,,
Balance,41927018,Atlantic Care Clearing Account,7/18/2025,54807.09,,100,Total Credits,,
Balance,41927018,Atlantic Care Clearing Account,7/18/2025,54925.69,,400,Total Debits,,
Detail,41927018,Atlantic Care Clearing Account,7/18/2025,43348,,142,DDA ACH Deposit,68846,BCBSF HCCLAIMPMT TRN*1*XXXXX2251*1592015694\
Detail,41927018,Atlantic Care Clearing Account,7/18/2025,9095,,142,DDA ACH Deposit,68854,FEPS2 HCCLAIMPMT TRN*1*XXXXX9595*1592015694\
Detail,41927018,Atlantic Care Clearing Account,7/18/2025,2045,,142,DDA ACH Deposit,218858,Sea Breeze Rehab Settlement Sea Breeze Rehab And N 000024451696242
Detail,41927018,Atlantic Care Clearing Account,7/18/2025,319.09,,142,DDA ACH Deposit,70157,UnitedHealthcare HCCLAIMPMT TRN*1*25197B1000277493*1362739
Detail,41927018,Atlantic Care Clearing Account,7/18/2025,,54925.69,577,Zero Balance Transfer Debit,6,SWEEP TO DDA     0042010203
Balance,41927018,Atlantic Care Clearing Account,7/17/2025,7149.82,,010,Opening Ledger,,
Balance,41927018,Atlantic Care Clearing Account,7/17/2025,118.6,,015,Closing Ledger,,
Balance,41927018,Atlantic Care Clearing Account,7/17/2025,,,040,Opening Available,,
Balance,41927018,Atlantic Care Clearing Account,7/17/2025,118.6,,045,Closing Available,,
Balance,41927018,Atlantic Care Clearing Account,7/17/2025,,,056,Loan Balance,,
Balance,41927018,Atlantic Care Clearing Account,7/17/2025,,,072,1 - Day Float,,
Balance,41927018,Atlantic Care Clearing Account,7/17/2025,,,074,2 Or More Days Float,,
Balance,41927018,Atlantic Care Clearing Account,7/17/2025,,,075,3 Or More Days Float,,
Balance,41927018,Atlantic Care Clearing Account,7/17/2025,6747.94,,100,Total Credits,,
Balance,41927018,Atlantic Care Clearing Account,7/17/2025,13779.16,,400,Total Debits,,
Detail,41927018,Atlantic Care Clearing Account,7/17/2025,3791,,142,DDA ACH Deposit,419,NDC SWEEP        FAC B151 ATLANTIC CARE ACQUISIT
Detail,41927018,Atlantic Care Clearing Account,7/17/2025,1466.5,,142,DDA ACH Deposit,61011,AARP Supplementa HCCLAIMPMT TRN*1*11283715630*1362739571*0
Detail,41927018,Atlantic Care Clearing Account,7/17/2025,1313.51,,142,DDA ACH Deposit,180646,Sea Breeze Rehab Settlement Sea Breeze Rehab And N 000024442770158
Detail,41927018,Atlantic Care Clearing Account,7/17/2025,58.33,,142,DDA ACH Deposit,137223,HNB - ECHO HCCLAIMPMT TRN*1*1198898527*1341858379\
Detail,41927018,Atlantic Care Clearing Account,7/17/2025,,13779.16,577,Zero Balance Transfer Debit,6,SWEEP TO DDA     0042010203
Detail,41927018,Atlantic Care Clearing Account,7/17/2025,118.6,,275,Zero Balance Transfer Credit,7,SWEEP FROM DDA     0041927021
Balance,41927018,Atlantic Care Clearing Account,7/16/2025,23276.82,,010,Opening Ledger,,
Balance,41927018,Atlantic Care Clearing Account,7/16/2025,7149.82,,015,Closing Ledger,,
Balance,41927018,Atlantic Care Clearing Account,7/16/2025,14339,,040,Opening Available,,
Balance,41927018,Atlantic Care Clearing Account,7/16/2025,,,045,Closing Available,,
Balance,41927018,Atlantic Care Clearing Account,7/16/2025,,,056,Loan Balance,,
Balance,41927018,Atlantic Care Clearing Account,7/16/2025,7149.82,,072,1 - Day Float,,
Balance,41927018,Atlantic Care Clearing Account,7/16/2025,,,074,2 Or More Days Float,,
Balance,41927018,Atlantic Care Clearing Account,7/16/2025,,,075,3 Or More Days Float,,
Balance,41927018,Atlantic Care Clearing Account,7/16/2025,3073.62,,100,Total Credits,,
Balance,41927018,Atlantic Care Clearing Account,7/16/2025,19200.62,,400,Total Debits,,
Detail,41927018,Atlantic Care Clearing Account,7/16/2025,3010,,142,DDA ACH Deposit,187316,BANKCARD         BTOT DEP SEA BREEZE REHAB AND N 518993321301996
Detail,41927018,Atlantic Care Clearing Account,7/16/2025,32.61,,142,DDA ACH Deposit,189203,PAY PLUS HCCLAIMPMT TRN*1*XXXXX7267*1731128555\
Detail,41927018,Atlantic Care Clearing Account,7/16/2025,31.01,,142,DDA ACH Deposit,51003,Sunshine State H HCCLAIMPMT TRN*1*0914303505*1208937577\
Detail,41927018,Atlantic Care Clearing Account,7/16/2025,,19200.62,577,Zero Balance Transfer Debit,6,SWEEP TO DDA     0042010203
Balance,41927018,Atlantic Care Clearing Account,7/15/2025,32985.41,,010,Opening Ledger,,
Balance,41927018,Atlantic Care Clearing Account,7/15/2025,23276.82,,015,Closing Ledger,,
Balance,41927018,Atlantic Care Clearing Account,7/15/2025,29595.41,,040,Opening Available,,
Balance,41927018,Atlantic Care Clearing Account,7/15/2025,14339,,045,Closing Available,,
Balance,41927018,Atlantic Care Clearing Account,7/15/2025,,,056,Loan Balance,,
Balance,41927018,Atlantic Care Clearing Account,7/15/2025,1788,,072,1 - Day Float,,
Balance,41927018,Atlantic Care Clearing Account,7/15/2025,7149.82,,074,2 Or More Days Float,,
Balance,41927018,Atlantic Care Clearing Account,7/15/2025,,,075,3 Or More Days Float,,
Balance,41927018,Atlantic Care Clearing Account,7/15/2025,29725.78,,100,Total Credits,,
Balance,41927018,Atlantic Care Clearing Account,7/15/2025,39434.37,,400,Total Debits,,
Detail,41927018,Atlantic Care Clearing Account,7/15/2025,5725.44,,142,DDA ACH Deposit,186598,BANKCARD         BTOT DEP SEA BREEZE REHAB AND N 518993321301996
Detail,41927018,Atlantic Care Clearing Account,7/15/2025,2236.52,,142,DDA ACH Deposit,188071,PAY PLUS HCCLAIMPMT TRN*1*XXXXX1072*1731128555\
Detail,41927018,Atlantic Care Clearing Account,7/15/2025,7424.82,,175,Business Remote Deposit Capture,6218115,BUSINESS RDC
Detail,41927018,Atlantic Care Clearing Account,7/15/2025,,39434.37,577,Zero Balance Transfer Debit,6,SWEEP TO DDA     0042010203
Detail,41927018,Atlantic Care Clearing Account,7/15/2025,14339,,275,Zero Balance Transfer Credit,7,SWEEP FROM DDA     0041927021
Balance,41927018,Atlantic Care Clearing Account,7/14/2025,1602,,010,Opening Ledger,,
Balance,41927018,Atlantic Care Clearing Account,7/14/2025,32985.41,,015,Closing Ledger,,
Balance,41927018,Atlantic Care Clearing Account,7/14/2025,,,040,Opening Available,,
Balance,41927018,Atlantic Care Clearing Account,7/14/2025,29595.41,,045,Closing Available,,
Balance,41927018,Atlantic Care Clearing Account,7/14/2025,,,056,Loan Balance,,
Balance,41927018,Atlantic Care Clearing Account,7/14/2025,1602,,072,1 - Day Float,,
Balance,41927018,Atlantic Care Clearing Account,7/14/2025,1788,,074,2 Or More Days Float,,
Balance,41927018,Atlantic Care Clearing Account,7/14/2025,,,075,3 Or More Days Float,,
Balance,41927018,Atlantic Care Clearing Account,7/14/2025,62075.2,,100,Total Credits,,
Balance,41927018,Atlantic Care Clearing Account,7/14/2025,30691.79,,400,Total Debits,,
Detail,41927018,Atlantic Care Clearing Account,7/14/2025,10495.85,,142,DDA ACH Deposit,185338,Sea Breeze Rehab Settlement Sea Breeze Rehab And N 000024419944054
Detail,41927018,Atlantic Care Clearing Account,7/14/2025,7565.94,,142,DDA ACH Deposit,73163,HMP HCCLAIMPMT TRN*1*162947768250710*16111038
Detail,41927018,Atlantic Care Clearing Account,7/14/2025,7224.6,,142,DDA ACH Deposit,165833,BANKCARD         BTOT DEP SEA BREEZE REHAB AND N 518993321301996
Detail,41927018,Atlantic Care Clearing Account,7/14/2025,5075.12,,142,DDA ACH Deposit,185783,DEVOTED HEALTH P HCCLAIMPMT TRN*1*1546685*1823758085\
Detail,41927018,Atlantic Care Clearing Account,7/14/2025,55.28,,142,DDA ACH Deposit,97488,Sunshine State H HCCLAIMPMT TRN*1*0914282756*1208937577\
Detail,41927018,Atlantic Care Clearing Account,7/14/2025,2063,,175,Business Remote Deposit Capture,6110832,BUSINESS RDC
Detail,41927018,Atlantic Care Clearing Account,7/14/2025,,30691.79,577,Zero Balance Transfer Debit,6,SWEEP TO DDA     0042010203
Detail,41927018,Atlantic Care Clearing Account,7/14/2025,29595.41,,275,Zero Balance Transfer Credit,7,SWEEP FROM DDA     0041927021
Balance,41927018,Atlantic Care Clearing Account,7/11/2025,17164.19,,010,Opening Ledger,,
Balance,41927018,Atlantic Care Clearing Account,7/11/2025,1602,,015,Closing Ledger,,
Balance,41927018,Atlantic Care Clearing Account,7/11/2025,17164.19,,040,Opening Available,,
Balance,41927018,Atlantic Care Clearing Account,7/11/2025,,,045,Closing Available,,
Balance,41927018,Atlantic Care Clearing Account,7/11/2025,,,056,Loan Balance,,
Balance,41927018,Atlantic Care Clearing Account,7/11/2025,,,072,1 - Day Float,,
Balance,41927018,Atlantic Care Clearing Account,7/11/2025,1602,,074,2 Or More Days Float,,
Balance,41927018,Atlantic Care Clearing Account,7/11/2025,,,075,3 Or More Days Float,,
Balance,41927018,Atlantic Care Clearing Account,7/11/2025,33268.93,,100,Total Credits,,
Balance,41927018,Atlantic Care Clearing Account,7/11/2025,48831.12,,400,Total Debits,,
Detail,41927018,Atlantic Care Clearing Account,7/11/2025,10846.6,,142,DDA ACH Deposit,212362,BANKCARD         BTOT DEP SEA BREEZE REHAB AND N 518993321301996
Detail,41927018,Atlantic Care Clearing Account,7/11/2025,10446.65,,142,DDA ACH Deposit,210688,Sea Breeze Rehab Settlement Sea Breeze Rehab And N 000024379508574
Detail,41927018,Atlantic Care Clearing Account,7/11/2025,7730.5,,142,DDA ACH Deposit,62372,BCBSF HCCLAIMPMT TRN*1*XXXXX5820*1592015694\
Detail,41927018,Atlantic Care Clearing Account,7/11/2025,2343.03,,142,DDA ACH Deposit,418,NDC SWEEP        FAC B151 ATLANTIC CARE ACQUISIT
Detail,41927018,Atlantic Care Clearing Account,7/11/2025,25.15,,142,DDA ACH Deposit,121782,FLORIDA COMMUNI HCCLAIMPMT TRN*1*01-00000001697334*182097
Detail,41927018,Atlantic Care Clearing Account,7/11/2025,1877,,175,Business Remote Deposit Capture,6219043,BUSINESS RDC
Detail,41927018,Atlantic Care Clearing Account,7/11/2025,,48831.12,577,Zero Balance Transfer Debit,6,SWEEP TO DDA     0042010203
Balance,41927018,Atlantic Care Clearing Account,7/10/2025,12444.95,,010,Opening Ledger,,
Balance,41927018,Atlantic Care Clearing Account,7/10/2025,17164.19,,015,Closing Ledger,,
Balance,41927018,Atlantic Care Clearing Account,7/10/2025,811.25,,040,Opening Available,,
Balance,41927018,Atlantic Care Clearing Account,7/10/2025,17164.19,,045,Closing Available,,
Balance,41927018,Atlantic Care Clearing Account,7/10/2025,,,056,Loan Balance,,
Balance,41927018,Atlantic Care Clearing Account,7/10/2025,,,072,1 - Day Float,,
Balance,41927018,Atlantic Care Clearing Account,7/10/2025,,,074,2 Or More Days Float,,
Balance,41927018,Atlantic Care Clearing Account,7/10/2025,,,075,3 Or More Days Float,,
Balance,41927018,Atlantic Care Clearing Account,7/10/2025,23311.4,,100,Total Credits,,
Balance,41927018,Atlantic Care Clearing Account,7/10/2025,18592.16,,400,Total Debits,,
Detail,41927018,Atlantic Care Clearing Account,7/10/2025,3992.21,,142,DDA ACH Deposit,36332,HUMANA INS CO HCCLAIMPMT TRN*1*162821102250708*13912634
Detail,41927018,Atlantic Care Clearing Account,7/10/2025,2155,,142,DDA ACH Deposit,393,NDC SWEEP        FAC B151 ATLANTIC CARE ACQUISIT
Detail,41927018,Atlantic Care Clearing Account,7/10/2025,,18592.16,577,Zero Balance Transfer Debit,6,SWEEP TO DDA     0042010203
Detail,41927018,Atlantic Care Clearing Account,7/10/2025,17164.19,,275,Zero Balance Transfer Credit,7,SWEEP FROM DDA     0041927021
Balance,41927018,Atlantic Care Clearing Account,7/9/2025,31272.22,,010,Opening Ledger,,
Balance,41927018,Atlantic Care Clearing Account,7/9/2025,12444.95,,015,Closing Ledger,,
Balance,41927018,Atlantic Care Clearing Account,7/9/2025,19638.52,,040,Opening Available,,
Balance,41927018,Atlantic Care Clearing Account,7/9/2025,811.25,,045,Closing Available,,
Balance,41927018,Atlantic Care Clearing Account,7/9/2025,,,056,Loan Balance,,
Balance,41927018,Atlantic Care Clearing Account,7/9/2025,11633.7,,072,1 - Day Float,,
Balance,41927018,Atlantic Care Clearing Account,7/9/2025,,,074,2 Or More Days Float,,
Balance,41927018,Atlantic Care Clearing Account,7/9/2025,,,075,3 Or More Days Float,,
Balance,41927018,Atlantic Care Clearing Account,7/9/2025,161677.99,,100,Total Credits,,
Balance,41927018,Atlantic Care Clearing Account,7/9/2025,180505.26,,400,Total Debits,,
Detail,41927018,Atlantic Care Clearing Account,7/9/2025,92472.6,,142,DDA ACH Deposit,51132,Sunshine State H HCCLAIMPMT TRN*1*0914236050*1208937577\
Detail,41927018,Atlantic Care Clearing Account,7/9/2025,56487.51,,142,DDA ACH Deposit,83135,FLORIDA COMMUNI HCCLAIMPMT TRN*1*01-00000001695879*182097
Detail,41927018,Atlantic Care Clearing Account,7/9/2025,3428.89,,142,DDA ACH Deposit,186359,BANKCARD         BTOT DEP SEA BREEZE REHAB AND N 518993321301996
Detail,41927018,Atlantic Care Clearing Account,7/9/2025,3253.12,,142,DDA ACH Deposit,184585,PAY PLUS HCCLAIMPMT TRN*1*XXXXX8423*1361933760\
Detail,41927018,Atlantic Care Clearing Account,7/9/2025,2569.43,,142,DDA ACH Deposit,183509,Sea Breeze Rehab Settlement Sea Breeze Rehab And N 000024336926286
Detail,41927018,Atlantic Care Clearing Account,7/9/2025,2495.19,,142,DDA ACH Deposit,81080,AARP Supplementa HCCLAIMPMT TRN*1*11279595931*1362739571*0
Detail,41927018,Atlantic Care Clearing Account,7/9/2025,160,,142,DDA ACH Deposit,303,NDC SWEEP        FAC B151 ATLANTIC CARE ACQUISIT
Detail,41927018,Atlantic Care Clearing Account,7/9/2025,,180505.26,577,Zero Balance Transfer Debit,6,SWEEP TO DDA     0042010203
Detail,41927018,Atlantic Care Clearing Account,7/9/2025,811.25,,275,Zero Balance Transfer Credit,7,SWEEP FROM DDA     0041927021
Balance,41927018,Atlantic Care Clearing Account,7/8/2025,1629.01,,010,Opening Ledger,,
Balance,41927018,Atlantic Care Clearing Account,7/8/2025,31272.22,,015,Closing Ledger,,
Balance,41927018,Atlantic Care Clearing Account,7/8/2025,,,040,Opening Available,,
Balance,41927018,Atlantic Care Clearing Account,7/8/2025,19638.52,,045,Closing Available,,
Balance,41927018,Atlantic Care Clearing Account,7/8/2025,,,056,Loan Balance,,
Balance,41927018,Atlantic Care Clearing Account,7/8/2025,,,072,1 - Day Float,,
Balance,41927018,Atlantic Care Clearing Account,7/8/2025,11633.7,,074,2 Or More Days Float,,
Balance,41927018,Atlantic Care Clearing Account,7/8/2025,,,075,3 Or More Days Float,,
Balance,41927018,Atlantic Care Clearing Account,7/8/2025,143163.78,,100,Total Credits,,
Balance,41927018,Atlantic Care Clearing Account,7/8/2025,113520.57,,400,Total Debits,,
Detail,41927018,Atlantic Care Clearing Account,7/8/2025,108116.56,,142,DDA ACH Deposit,6904,HMP HCCLAIMPMT TRN*1*162504636250704*16111038
Detail,41927018,Atlantic Care Clearing Account,7/8/2025,3500,,142,DDA ACH Deposit,184090,Sea Breeze Rehab Settlement Sea Breeze Rehab And N 000024325304946
Detail,41927018,Atlantic Care Clearing Account,7/8/2025,11908.7,,175,Business Remote Deposit Capture,6221935,BUSINESS RDC
Detail,41927018,Atlantic Care Clearing Account,7/8/2025,,113520.57,577,Zero Balance Transfer Debit,6,SWEEP TO DDA     0042010203
Detail,41927018,Atlantic Care Clearing Account,7/8/2025,19638.52,,275,Zero Balance Transfer Credit,7,SWEEP FROM DDA     0041927021
Balance,41927018,Atlantic Care Clearing Account,7/7/2025,5017.74,,010,Opening Ledger,,
Balance,41927018,Atlantic Care Clearing Account,7/7/2025,1629.01,,015,Closing Ledger,,
Balance,41927018,Atlantic Care Clearing Account,7/7/2025,1568.73,,040,Opening Available,,
Balance,41927018,Atlantic Care Clearing Account,7/7/2025,,,045,Closing Available,,
Balance,41927018,Atlantic Care Clearing Account,7/7/2025,,,056,Loan Balance,,
Balance,41927018,Atlantic Care Clearing Account,7/7/2025,1629.01,,072,1 - Day Float,,
Balance,41927018,Atlantic Care Clearing Account,7/7/2025,,,074,2 Or More Days Float,,
Balance,41927018,Atlantic Care Clearing Account,7/7/2025,,,075,3 Or More Days Float,,
Balance,41927018,Atlantic Care Clearing Account,7/7/2025,129619.21,,100,Total Credits,,
Balance,41927018,Atlantic Care Clearing Account,7/7/2025,133007.94,,400,Total Debits,,
Detail,41927018,Atlantic Care Clearing Account,7/7/2025,99000,,142,DDA ACH Deposit,205458,FCC HCCLAIMPMT TRN*1*01-00000001692924*182097
Detail,41927018,Atlantic Care Clearing Account,7/7/2025,15266.21,,142,DDA ACH Deposit,276,NDC SWEEP        FAC B151 ATLANTIC CARE ACQUISIT
Detail,41927018,Atlantic Care Clearing Account,7/7/2025,6494.5,,142,DDA ACH Deposit,101595,AARP Supplementa HCCLAIMPMT TRN*1*11277486846*1362739571*0
Detail,41927018,Atlantic Care Clearing Account,7/7/2025,5613.5,,142,DDA ACH Deposit,16529,BCBSF HCCLAIMPMT TRN*1*XXXXX9480*1592015694\
Detail,41927018,Atlantic Care Clearing Account,7/7/2025,1798,,142,DDA ACH Deposit,313327,BANKCARD         BTOT DEP SEA BREEZE REHAB AND N 518993321301996
Detail,41927018,Atlantic Care Clearing Account,7/7/2025,1167,,142,DDA ACH Deposit,276741,BANKCARD         BTOT DEP SEA BREEZE REHAB AND N 518993321301996
Detail,41927018,Atlantic Care Clearing Account,7/7/2025,280,,142,DDA ACH Deposit,205532,HUMANA INC US LE HCCLAIMPMT TRN*1*2607940*1592598550\
Detail,41927018,Atlantic Care Clearing Account,7/7/2025,,133007.94,577,Zero Balance Transfer Debit,6,SWEEP TO DDA     0042010203
Balance,41927018,Atlantic Care Clearing Account,7/3/2025,37339.62,,010,Opening Ledger,,
Balance,41927018,Atlantic Care Clearing Account,7/3/2025,5017.74,,015,Closing Ledger,,
Balance,41927018,Atlantic Care Clearing Account,7/3/2025,26463.62,,040,Opening Available,,
Balance,41927018,Atlantic Care Clearing Account,7/3/2025,1568.73,,045,Closing Available,,
Balance,41927018,Atlantic Care Clearing Account,7/3/2025,,,056,Loan Balance,,
Balance,41927018,Atlantic Care Clearing Account,7/3/2025,1820,,072,1 - Day Float,,
Balance,41927018,Atlantic Care Clearing Account,7/3/2025,1629.01,,074,2 Or More Days Float,,
Balance,41927018,Atlantic Care Clearing Account,7/3/2025,,,075,3 Or More Days Float,,
Balance,41927018,Atlantic Care Clearing Account,7/3/2025,45106.83,,100,Total Credits,,
Balance,41927018,Atlantic Care Clearing Account,7/3/2025,77428.71,,400,Total Debits,,
Detail,41927018,Atlantic Care Clearing Account,7/3/2025,24100,,142,DDA ACH Deposit,154119,FH Medicare HAX HCCLAIMPMT TRN*1*XXXXX9037*1412128275\
Detail,41927018,Atlantic Care Clearing Account,7/3/2025,6099.59,,142,DDA ACH Deposit,369973,PAY PLUS HCCLAIMPMT TRN*1*XXXXX5858*1731128555\
Detail,41927018,Atlantic Care Clearing Account,7/3/2025,5625,,142,DDA ACH Deposit,263469,Ultimate Health HCCLAIMPMT TRN*1*2000020529*1453706770*07
Detail,41927018,Atlantic Care Clearing Account,7/3/2025,5600,,142,DDA ACH Deposit,261597,HUMANA INC US LE HCCLAIMPMT TRN*1*2606331*1592598550\
Detail,41927018,Atlantic Care Clearing Account,7/3/2025,209.5,,142,DDA ACH Deposit,194755,HMP HCCLAIMPMT TRN*1*162311710250701*16111038
Detail,41927018,Atlantic Care Clearing Account,7/3/2025,1904.01,,175,Business Remote Deposit Capture,6100052,BUSINESS RDC
Detail,41927018,Atlantic Care Clearing Account,7/3/2025,,77428.71,577,Zero Balance Transfer Debit,6,SWEEP TO DDA     0042010203
Detail,41927018,Atlantic Care Clearing Account,7/3/2025,1568.73,,275,Zero Balance Transfer Credit,7,SWEEP FROM DDA     0041927021
Balance,41927018,Atlantic Care Clearing Account,7/2/2025,23447.66,,010,Opening Ledger,,
Balance,41927018,Atlantic Care Clearing Account,7/2/2025,37339.62,,015,Closing Ledger,,
Balance,41927018,Atlantic Care Clearing Account,7/2/2025,12768.54,,040,Opening Available,,
Balance,41927018,Atlantic Care Clearing Account,7/2/2025,26463.62,,045,Closing Available,,
Balance,41927018,Atlantic Care Clearing Account,7/2/2025,,,056,Loan Balance,,
Balance,41927018,Atlantic Care Clearing Account,7/2/2025,9056,,072,1 - Day Float,,
Balance,41927018,Atlantic Care Clearing Account,7/2/2025,1820,,074,2 Or More Days Float,,
Balance,41927018,Atlantic Care Clearing Account,7/2/2025,,,075,3 Or More Days Float,,
Balance,41927018,Atlantic Care Clearing Account,7/2/2025,51014.51,,100,Total Credits,,
Balance,41927018,Atlantic Care Clearing Account,7/2/2025,37122.55,,400,Total Debits,,
Detail,41927018,Atlantic Care Clearing Account,7/2/2025,11103.5,,142,DDA ACH Deposit,56948,AARP Supplementa HCCLAIMPMT TRN*1*11275785890*1362739571*0
Detail,41927018,Atlantic Care Clearing Account,7/2/2025,10731,,142,DDA ACH Deposit,202170,BANKCARD         BTOT DEP SEA BREEZE REHAB AND N 518993321301996
Detail,41927018,Atlantic Care Clearing Account,7/2/2025,419,,142,DDA ACH Deposit,9628,BCBS OF MASS HCCLAIMPMT TRN*1*XXXXX1364*1041045815\
Detail,41927018,Atlantic Care Clearing Account,7/2/2025,202.39,,142,DDA ACH Deposit,145420,Sunshine State H HCCLAIMPMT TRN*1*0914202309*1208937577\
Detail,41927018,Atlantic Care Clearing Account,7/2/2025,2095,,175,Business Remote Deposit Capture,6107917,BUSINESS RDC
Detail,41927018,Atlantic Care Clearing Account,7/2/2025,,37122.55,577,Zero Balance Transfer Debit,6,SWEEP TO DDA     0042010203
Detail,41927018,Atlantic Care Clearing Account,7/2/2025,26463.62,,275,Zero Balance Transfer Credit,7,SWEEP FROM DDA     0041927021
Balance,41927018,Atlantic Care Clearing Account,7/1/2025,13308.82,,010,Opening Ledger,,
Balance,41927018,Atlantic Care Clearing Account,7/1/2025,23447.66,,015,Closing Ledger,,
Balance,41927018,Atlantic Care Clearing Account,7/1/2025,11685.7,,040,Opening Available,,
Balance,41927018,Atlantic Care Clearing Account,7/1/2025,12768.54,,045,Closing Available,,
Balance,41927018,Atlantic Care Clearing Account,7/1/2025,,,056,Loan Balance,,
Balance,41927018,Atlantic Care Clearing Account,7/1/2025,1623.12,,072,1 - Day Float,,
Balance,41927018,Atlantic Care Clearing Account,7/1/2025,9056,,074,2 Or More Days Float,,
Balance,41927018,Atlantic Care Clearing Account,7/1/2025,,,075,3 Or More Days Float,,
Balance,41927018,Atlantic Care Clearing Account,7/1/2025,1234853.76,,100,Total Credits,,
Balance,41927018,Atlantic Care Clearing Account,7/1/2025,1247855.32,,400,Total Debits,,
Detail,41927018,Atlantic Care Clearing Account,7/1/2025,3000,,142,DDA ACH Deposit,298574,BANKCARD         BTOT DEP SEA BREEZE REHAB AND N 518993321301996
Detail,41927018,Atlantic Care Clearing Account,7/1/2025,415.8,,142,DDA ACH Deposit,113436,HMP HCCLAIMPMT TRN*1*162054125250627*16111038
Detail,41927018,Atlantic Care Clearing Account,7/1/2025,64.42,,142,DDA ACH Deposit,901,NDC SWEEP        FAC B151 ATLANTIC CARE ACQUISIT
Detail,41927018,Atlantic Care Clearing Account,7/1/2025,9331,,175,Business Remote Deposit Capture,6218920,BUSINESS RDC
Detail,41927018,Atlantic Care Clearing Account,7/1/2025,,15440.92,577,Zero Balance Transfer Debit,6,SWEEP TO DDA     0042010203
Detail,41927018,Atlantic Care Clearing Account,7/1/2025,12768.54,,275,Zero Balance Transfer Credit,7,SWEEP FROM DDA     0041927021
Balance,41927021,Atlantic Care Government Clearing,7/31/2025,,,010,Opening Ledger,,
Balance,41927021,Atlantic Care Government Clearing,7/31/2025,,,015,Closing Ledger,,
Balance,41927021,Atlantic Care Government Clearing,7/31/2025,,,040,Opening Available,,
Balance,41927021,Atlantic Care Government Clearing,7/31/2025,,,045,Closing Available,,
Balance,41927021,Atlantic Care Government Clearing,7/31/2025,,,056,Loan Balance,,
Balance,41927021,Atlantic Care Government Clearing,7/31/2025,,,072,1 - Day Float,,
Balance,41927021,Atlantic Care Government Clearing,7/31/2025,,,074,2 Or More Days Float,,
Balance,41927021,Atlantic Care Government Clearing,7/31/2025,,,075,3 Or More Days Float,,
Balance,41927021,Atlantic Care Government Clearing,7/31/2025,307.26,,100,Total Credits,,
Balance,41927021,Atlantic Care Government Clearing,7/31/2025,307.26,,400,Total Debits,,
Detail,41927021,Atlantic Care Government Clearing,7/31/2025,307.26,,142,DDA ACH Deposit,111097,ACH MEDICAID HCCLAIMPMT TRN*1*XXXXX4549*1593452939~
Detail,41927021,Atlantic Care Government Clearing,7/31/2025,,307.26,577,Zero Balance Transfer Debit,6,SWEEP TO DDA     0041927018
Balance,41927021,Atlantic Care Government Clearing,7/30/2025,,,010,Opening Ledger,,
Balance,41927021,Atlantic Care Government Clearing,7/30/2025,,,015,Closing Ledger,,
Balance,41927021,Atlantic Care Government Clearing,7/30/2025,,,040,Opening Available,,
Balance,41927021,Atlantic Care Government Clearing,7/30/2025,,,045,Closing Available,,
Balance,41927021,Atlantic Care Government Clearing,7/30/2025,,,056,Loan Balance,,
Balance,41927021,Atlantic Care Government Clearing,7/30/2025,,,072,1 - Day Float,,
Balance,41927021,Atlantic Care Government Clearing,7/30/2025,,,074,2 Or More Days Float,,
Balance,41927021,Atlantic Care Government Clearing,7/30/2025,,,075,3 Or More Days Float,,
Balance,41927021,Atlantic Care Government Clearing,7/30/2025,51903.88,,100,Total Credits,,
Balance,41927021,Atlantic Care Government Clearing,7/30/2025,51903.88,,400,Total Debits,,
Detail,41927021,Atlantic Care Government Clearing,7/30/2025,51903.88,,142,DDA ACH Deposit,50945,NOVITAS SOLUTION HCCLAIMPMT TRN*1*EFT5755646*1205296137*00
Detail,41927021,Atlantic Care Government Clearing,7/30/2025,,51903.88,577,Zero Balance Transfer Debit,6,SWEEP TO DDA     0041927018
Balance,41927021,Atlantic Care Government Clearing,7/29/2025,,,010,Opening Ledger,,
Balance,41927021,Atlantic Care Government Clearing,7/29/2025,,,015,Closing Ledger,,
Balance,41927021,Atlantic Care Government Clearing,7/29/2025,,,040,Opening Available,,
Balance,41927021,Atlantic Care Government Clearing,7/29/2025,,,045,Closing Available,,
Balance,41927021,Atlantic Care Government Clearing,7/29/2025,,,056,Loan Balance,,
Balance,41927021,Atlantic Care Government Clearing,7/29/2025,,,072,1 - Day Float,,
Balance,41927021,Atlantic Care Government Clearing,7/29/2025,,,074,2 Or More Days Float,,
Balance,41927021,Atlantic Care Government Clearing,7/29/2025,,,075,3 Or More Days Float,,
Balance,41927021,Atlantic Care Government Clearing,7/29/2025,,,100,Total Credits,,
Balance,41927021,Atlantic Care Government Clearing,7/29/2025,,,400,Total Debits,,
Balance,41927021,Atlantic Care Government Clearing,7/28/2025,,,010,Opening Ledger,,
Balance,41927021,Atlantic Care Government Clearing,7/28/2025,,,015,Closing Ledger,,
Balance,41927021,Atlantic Care Government Clearing,7/28/2025,,,040,Opening Available,,
Balance,41927021,Atlantic Care Government Clearing,7/28/2025,,,045,Closing Available,,
Balance,41927021,Atlantic Care Government Clearing,7/28/2025,,,056,Loan Balance,,
Balance,41927021,Atlantic Care Government Clearing,7/28/2025,,,072,1 - Day Float,,
Balance,41927021,Atlantic Care Government Clearing,7/28/2025,,,074,2 Or More Days Float,,
Balance,41927021,Atlantic Care Government Clearing,7/28/2025,,,075,3 Or More Days Float,,
Balance,41927021,Atlantic Care Government Clearing,7/28/2025,,,100,Total Credits,,
Balance,41927021,Atlantic Care Government Clearing,7/28/2025,,,400,Total Debits,,
Balance,41927021,Atlantic Care Government Clearing,7/25/2025,,,010,Opening Ledger,,
Balance,41927021,Atlantic Care Government Clearing,7/25/2025,,,015,Closing Ledger,,
Balance,41927021,Atlantic Care Government Clearing,7/25/2025,,,040,Opening Available,,
Balance,41927021,Atlantic Care Government Clearing,7/25/2025,,,045,Closing Available,,
Balance,41927021,Atlantic Care Government Clearing,7/25/2025,,,056,Loan Balance,,
Balance,41927021,Atlantic Care Government Clearing,7/25/2025,,,072,1 - Day Float,,
Balance,41927021,Atlantic Care Government Clearing,7/25/2025,,,074,2 Or More Days Float,,
Balance,41927021,Atlantic Care Government Clearing,7/25/2025,,,075,3 Or More Days Float,,
Balance,41927021,Atlantic Care Government Clearing,7/25/2025,,,100,Total Credits,,
Balance,41927021,Atlantic Care Government Clearing,7/25/2025,,,400,Total Debits,,
Balance,41927021,Atlantic Care Government Clearing,7/24/2025,,,010,Opening Ledger,,
Balance,41927021,Atlantic Care Government Clearing,7/24/2025,,,015,Closing Ledger,,
Balance,41927021,Atlantic Care Government Clearing,7/24/2025,,,040,Opening Available,,
Balance,41927021,Atlantic Care Government Clearing,7/24/2025,,,045,Closing Available,,
Balance,41927021,Atlantic Care Government Clearing,7/24/2025,,,056,Loan Balance,,
Balance,41927021,Atlantic Care Government Clearing,7/24/2025,,,072,1 - Day Float,,
Balance,41927021,Atlantic Care Government Clearing,7/24/2025,,,074,2 Or More Days Float,,
Balance,41927021,Atlantic Care Government Clearing,7/24/2025,,,075,3 Or More Days Float,,
Balance,41927021,Atlantic Care Government Clearing,7/24/2025,1193.17,,100,Total Credits,,
Balance,41927021,Atlantic Care Government Clearing,7/24/2025,1193.17,,400,Total Debits,,
Detail,41927021,Atlantic Care Government Clearing,7/24/2025,1193.17,,142,DDA ACH Deposit,56694,ACH MEDICAID HCCLAIMPMT TRN*1*XXXXX5554*1593452939~
Detail,41927021,Atlantic Care Government Clearing,7/24/2025,,1193.17,577,Zero Balance Transfer Debit,6,SWEEP TO DDA     0041927018
Balance,41927021,Atlantic Care Government Clearing,7/23/2025,,,010,Opening Ledger,,
Balance,41927021,Atlantic Care Government Clearing,7/23/2025,,,015,Closing Ledger,,
Balance,41927021,Atlantic Care Government Clearing,7/23/2025,,,040,Opening Available,,
Balance,41927021,Atlantic Care Government Clearing,7/23/2025,,,045,Closing Available,,
Balance,41927021,Atlantic Care Government Clearing,7/23/2025,,,056,Loan Balance,,
Balance,41927021,Atlantic Care Government Clearing,7/23/2025,,,072,1 - Day Float,,
Balance,41927021,Atlantic Care Government Clearing,7/23/2025,,,074,2 Or More Days Float,,
Balance,41927021,Atlantic Care Government Clearing,7/23/2025,,,075,3 Or More Days Float,,
Balance,41927021,Atlantic Care Government Clearing,7/23/2025,262326.05,,100,Total Credits,,
Balance,41927021,Atlantic Care Government Clearing,7/23/2025,262326.05,,400,Total Debits,,
Detail,41927021,Atlantic Care Government Clearing,7/23/2025,262326.05,,142,DDA ACH Deposit,50062,NOVITAS SOLUTION HCCLAIMPMT TRN*1*EFT5749366*1205296137*00
Detail,41927021,Atlantic Care Government Clearing,7/23/2025,,262326.05,577,Zero Balance Transfer Debit,6,SWEEP TO DDA     0041927018
Balance,41927021,Atlantic Care Government Clearing,7/22/2025,,,010,Opening Ledger,,
Balance,41927021,Atlantic Care Government Clearing,7/22/2025,,,015,Closing Ledger,,
Balance,41927021,Atlantic Care Government Clearing,7/22/2025,,,040,Opening Available,,
Balance,41927021,Atlantic Care Government Clearing,7/22/2025,,,045,Closing Available,,
Balance,41927021,Atlantic Care Government Clearing,7/22/2025,,,056,Loan Balance,,
Balance,41927021,Atlantic Care Government Clearing,7/22/2025,,,072,1 - Day Float,,
Balance,41927021,Atlantic Care Government Clearing,7/22/2025,,,074,2 Or More Days Float,,
Balance,41927021,Atlantic Care Government Clearing,7/22/2025,,,075,3 Or More Days Float,,
Balance,41927021,Atlantic Care Government Clearing,7/22/2025,,,100,Total Credits,,
Balance,41927021,Atlantic Care Government Clearing,7/22/2025,,,400,Total Debits,,
Balance,41927021,Atlantic Care Government Clearing,7/21/2025,,,010,Opening Ledger,,
Balance,41927021,Atlantic Care Government Clearing,7/21/2025,,,015,Closing Ledger,,
Balance,41927021,Atlantic Care Government Clearing,7/21/2025,,,040,Opening Available,,
Balance,41927021,Atlantic Care Government Clearing,7/21/2025,,,045,Closing Available,,
Balance,41927021,Atlantic Care Government Clearing,7/21/2025,,,056,Loan Balance,,
Balance,41927021,Atlantic Care Government Clearing,7/21/2025,,,072,1 - Day Float,,
Balance,41927021,Atlantic Care Government Clearing,7/21/2025,,,074,2 Or More Days Float,,
Balance,41927021,Atlantic Care Government Clearing,7/21/2025,,,075,3 Or More Days Float,,
Balance,41927021,Atlantic Care Government Clearing,7/21/2025,,,100,Total Credits,,
Balance,41927021,Atlantic Care Government Clearing,7/21/2025,,,400,Total Debits,,
Balance,41927021,Atlantic Care Government Clearing,7/18/2025,,,010,Opening Ledger,,
Balance,41927021,Atlantic Care Government Clearing,7/18/2025,,,015,Closing Ledger,,
Balance,41927021,Atlantic Care Government Clearing,7/18/2025,,,040,Opening Available,,
Balance,41927021,Atlantic Care Government Clearing,7/18/2025,,,045,Closing Available,,
Balance,41927021,Atlantic Care Government Clearing,7/18/2025,,,056,Loan Balance,,
Balance,41927021,Atlantic Care Government Clearing,7/18/2025,,,072,1 - Day Float,,
Balance,41927021,Atlantic Care Government Clearing,7/18/2025,,,074,2 Or More Days Float,,
Balance,41927021,Atlantic Care Government Clearing,7/18/2025,,,075,3 Or More Days Float,,
Balance,41927021,Atlantic Care Government Clearing,7/18/2025,,,100,Total Credits,,
Balance,41927021,Atlantic Care Government Clearing,7/18/2025,,,400,Total Debits,,
Balance,41927021,Atlantic Care Government Clearing,7/17/2025,,,010,Opening Ledger,,
Balance,41927021,Atlantic Care Government Clearing,7/17/2025,,,015,Closing Ledger,,
Balance,41927021,Atlantic Care Government Clearing,7/17/2025,,,040,Opening Available,,
Balance,41927021,Atlantic Care Government Clearing,7/17/2025,,,045,Closing Available,,
Balance,41927021,Atlantic Care Government Clearing,7/17/2025,,,056,Loan Balance,,
Balance,41927021,Atlantic Care Government Clearing,7/17/2025,,,072,1 - Day Float,,
Balance,41927021,Atlantic Care Government Clearing,7/17/2025,,,074,2 Or More Days Float,,
Balance,41927021,Atlantic Care Government Clearing,7/17/2025,,,075,3 Or More Days Float,,
Balance,41927021,Atlantic Care Government Clearing,7/17/2025,118.6,,100,Total Credits,,
Balance,41927021,Atlantic Care Government Clearing,7/17/2025,118.6,,400,Total Debits,,
Detail,41927021,Atlantic Care Government Clearing,7/17/2025,118.6,,142,DDA ACH Deposit,62352,ACH MEDICAID HCCLAIMPMT TRN*1*XXXXX6804*1593452939~
Detail,41927021,Atlantic Care Government Clearing,7/17/2025,,118.6,577,Zero Balance Transfer Debit,6,SWEEP TO DDA     0041927018
Balance,41927021,Atlantic Care Government Clearing,7/16/2025,,,010,Opening Ledger,,
Balance,41927021,Atlantic Care Government Clearing,7/16/2025,,,015,Closing Ledger,,
Balance,41927021,Atlantic Care Government Clearing,7/16/2025,,,040,Opening Available,,
Balance,41927021,Atlantic Care Government Clearing,7/16/2025,,,045,Closing Available,,
Balance,41927021,Atlantic Care Government Clearing,7/16/2025,,,056,Loan Balance,,
Balance,41927021,Atlantic Care Government Clearing,7/16/2025,,,072,1 - Day Float,,
Balance,41927021,Atlantic Care Government Clearing,7/16/2025,,,074,2 Or More Days Float,,
Balance,41927021,Atlantic Care Government Clearing,7/16/2025,,,075,3 Or More Days Float,,
Balance,41927021,Atlantic Care Government Clearing,7/16/2025,,,100,Total Credits,,
Balance,41927021,Atlantic Care Government Clearing,7/16/2025,,,400,Total Debits,,
Balance,41927021,Atlantic Care Government Clearing,7/15/2025,,,010,Opening Ledger,,
Balance,41927021,Atlantic Care Government Clearing,7/15/2025,,,015,Closing Ledger,,
Balance,41927021,Atlantic Care Government Clearing,7/15/2025,,,040,Opening Available,,
Balance,41927021,Atlantic Care Government Clearing,7/15/2025,,,045,Closing Available,,
Balance,41927021,Atlantic Care Government Clearing,7/15/2025,,,056,Loan Balance,,
Balance,41927021,Atlantic Care Government Clearing,7/15/2025,,,072,1 - Day Float,,
Balance,41927021,Atlantic Care Government Clearing,7/15/2025,,,074,2 Or More Days Float,,
Balance,41927021,Atlantic Care Government Clearing,7/15/2025,,,075,3 Or More Days Float,,
Balance,41927021,Atlantic Care Government Clearing,7/15/2025,14339,,100,Total Credits,,
Balance,41927021,Atlantic Care Government Clearing,7/15/2025,14339,,400,Total Debits,,
Detail,41927021,Atlantic Care Government Clearing,7/15/2025,14339,,142,DDA ACH Deposit,22286,NOVITAS SOLUTION HCCLAIMPMT TRN*1*EFT5743310*1205296137*00
Detail,41927021,Atlantic Care Government Clearing,7/15/2025,,14339,577,Zero Balance Transfer Debit,6,SWEEP TO DDA     0041927018
Balance,41927021,Atlantic Care Government Clearing,7/14/2025,,,010,Opening Ledger,,
Balance,41927021,Atlantic Care Government Clearing,7/14/2025,,,015,Closing Ledger,,
Balance,41927021,Atlantic Care Government Clearing,7/14/2025,,,040,Opening Available,,
Balance,41927021,Atlantic Care Government Clearing,7/14/2025,,,045,Closing Available,,
Balance,41927021,Atlantic Care Government Clearing,7/14/2025,,,056,Loan Balance,,
Balance,41927021,Atlantic Care Government Clearing,7/14/2025,,,072,1 - Day Float,,
Balance,41927021,Atlantic Care Government Clearing,7/14/2025,,,074,2 Or More Days Float,,
Balance,41927021,Atlantic Care Government Clearing,7/14/2025,,,075,3 Or More Days Float,,
Balance,41927021,Atlantic Care Government Clearing,7/14/2025,29595.41,,100,Total Credits,,
Balance,41927021,Atlantic Care Government Clearing,7/14/2025,29595.41,,400,Total Debits,,
Detail,41927021,Atlantic Care Government Clearing,7/14/2025,29595.41,,142,DDA ACH Deposit,37387,NOVITAS SOLUTION HCCLAIMPMT TRN*1*EFT5742462*1205296137*00
Detail,41927021,Atlantic Care Government Clearing,7/14/2025,,29595.41,577,Zero Balance Transfer Debit,6,SWEEP TO DDA     0041927018
Balance,41927021,Atlantic Care Government Clearing,7/11/2025,,,010,Opening Ledger,,
Balance,41927021,Atlantic Care Government Clearing,7/11/2025,,,015,Closing Ledger,,
Balance,41927021,Atlantic Care Government Clearing,7/11/2025,,,040,Opening Available,,
Balance,41927021,Atlantic Care Government Clearing,7/11/2025,,,045,Closing Available,,
Balance,41927021,Atlantic Care Government Clearing,7/11/2025,,,056,Loan Balance,,
Balance,41927021,Atlantic Care Government Clearing,7/11/2025,,,072,1 - Day Float,,
Balance,41927021,Atlantic Care Government Clearing,7/11/2025,,,074,2 Or More Days Float,,
Balance,41927021,Atlantic Care Government Clearing,7/11/2025,,,075,3 Or More Days Float,,
Balance,41927021,Atlantic Care Government Clearing,7/11/2025,,,100,Total Credits,,
Balance,41927021,Atlantic Care Government Clearing,7/11/2025,,,400,Total Debits,,
Balance,41927021,Atlantic Care Government Clearing,7/10/2025,,,010,Opening Ledger,,
Balance,41927021,Atlantic Care Government Clearing,7/10/2025,,,015,Closing Ledger,,
Balance,41927021,Atlantic Care Government Clearing,7/10/2025,,,040,Opening Available,,
Balance,41927021,Atlantic Care Government Clearing,7/10/2025,,,045,Closing Available,,
Balance,41927021,Atlantic Care Government Clearing,7/10/2025,,,056,Loan Balance,,
Balance,41927021,Atlantic Care Government Clearing,7/10/2025,,,072,1 - Day Float,,
Balance,41927021,Atlantic Care Government Clearing,7/10/2025,,,074,2 Or More Days Float,,
Balance,41927021,Atlantic Care Government Clearing,7/10/2025,,,075,3 Or More Days Float,,
Balance,41927021,Atlantic Care Government Clearing,7/10/2025,17164.19,,100,Total Credits,,
Balance,41927021,Atlantic Care Government Clearing,7/10/2025,17164.19,,400,Total Debits,,
Detail,41927021,Atlantic Care Government Clearing,7/10/2025,17164.19,,142,DDA ACH Deposit,63767,ACH MEDICAID HCCLAIMPMT TRN*1*XXXXX8169*1593452939~
Detail,41927021,Atlantic Care Government Clearing,7/10/2025,,17164.19,577,Zero Balance Transfer Debit,6,SWEEP TO DDA     0041927018
Balance,41927021,Atlantic Care Government Clearing,7/9/2025,,,010,Opening Ledger,,
Balance,41927021,Atlantic Care Government Clearing,7/9/2025,,,015,Closing Ledger,,
Balance,41927021,Atlantic Care Government Clearing,7/9/2025,,,040,Opening Available,,
Balance,41927021,Atlantic Care Government Clearing,7/9/2025,,,045,Closing Available,,
Balance,41927021,Atlantic Care Government Clearing,7/9/2025,,,056,Loan Balance,,
Balance,41927021,Atlantic Care Government Clearing,7/9/2025,,,072,1 - Day Float,,
Balance,41927021,Atlantic Care Government Clearing,7/9/2025,,,074,2 Or More Days Float,,
Balance,41927021,Atlantic Care Government Clearing,7/9/2025,,,075,3 Or More Days Float,,
Balance,41927021,Atlantic Care Government Clearing,7/9/2025,811.25,,100,Total Credits,,
Balance,41927021,Atlantic Care Government Clearing,7/9/2025,811.25,,400,Total Debits,,
Detail,41927021,Atlantic Care Government Clearing,7/9/2025,811.25,,142,DDA ACH Deposit,83575,NOVITAS SOLUTION HCCLAIMPMT TRN*1*EFT5739864*1205296137*00
Detail,41927021,Atlantic Care Government Clearing,7/9/2025,,811.25,577,Zero Balance Transfer Debit,6,SWEEP TO DDA     0041927018
Balance,41927021,Atlantic Care Government Clearing,7/8/2025,,,010,Opening Ledger,,
Balance,41927021,Atlantic Care Government Clearing,7/8/2025,,,015,Closing Ledger,,
Balance,41927021,Atlantic Care Government Clearing,7/8/2025,,,040,Opening Available,,
Balance,41927021,Atlantic Care Government Clearing,7/8/2025,,,045,Closing Available,,
Balance,41927021,Atlantic Care Government Clearing,7/8/2025,,,056,Loan Balance,,
Balance,41927021,Atlantic Care Government Clearing,7/8/2025,,,072,1 - Day Float,,
Balance,41927021,Atlantic Care Government Clearing,7/8/2025,,,074,2 Or More Days Float,,
Balance,41927021,Atlantic Care Government Clearing,7/8/2025,,,075,3 Or More Days Float,,
Balance,41927021,Atlantic Care Government Clearing,7/8/2025,19638.52,,100,Total Credits,,
Balance,41927021,Atlantic Care Government Clearing,7/8/2025,19638.52,,400,Total Debits,,
Detail,41927021,Atlantic Care Government Clearing,7/8/2025,11419.27,,142,DDA ACH Deposit,7000,NOVITAS SOLUTION HCCLAIMPMT TRN*1*EFT5738568*1205296137*00
Detail,41927021,Atlantic Care Government Clearing,7/8/2025,8219.25,,142,DDA ACH Deposit,42783,ACH MEDICAID HCCLAIMPMT TRN*1*XXXXX9114*1593452939~
Detail,41927021,Atlantic Care Government Clearing,7/8/2025,,19638.52,577,Zero Balance Transfer Debit,6,SWEEP TO DDA     0041927018
Balance,41927021,Atlantic Care Government Clearing,7/7/2025,,,010,Opening Ledger,,
Balance,41927021,Atlantic Care Government Clearing,7/7/2025,,,015,Closing Ledger,,
Balance,41927021,Atlantic Care Government Clearing,7/7/2025,,,040,Opening Available,,
Balance,41927021,Atlantic Care Government Clearing,7/7/2025,,,045,Closing Available,,
Balance,41927021,Atlantic Care Government Clearing,7/7/2025,,,056,Loan Balance,,
Balance,41927021,Atlantic Care Government Clearing,7/7/2025,,,072,1 - Day Float,,
Balance,41927021,Atlantic Care Government Clearing,7/7/2025,,,074,2 Or More Days Float,,
Balance,41927021,Atlantic Care Government Clearing,7/7/2025,,,075,3 Or More Days Float,,
Balance,41927021,Atlantic Care Government Clearing,7/7/2025,,,100,Total Credits,,
Balance,41927021,Atlantic Care Government Clearing,7/7/2025,,,400,Total Debits,,
Balance,41927021,Atlantic Care Government Clearing,7/3/2025,,,010,Opening Ledger,,
Balance,41927021,Atlantic Care Government Clearing,7/3/2025,,,015,Closing Ledger,,
Balance,41927021,Atlantic Care Government Clearing,7/3/2025,,,040,Opening Available,,
Balance,41927021,Atlantic Care Government Clearing,7/3/2025,,,045,Closing Available,,
Balance,41927021,Atlantic Care Government Clearing,7/3/2025,,,056,Loan Balance,,
Balance,41927021,Atlantic Care Government Clearing,7/3/2025,,,072,1 - Day Float,,
Balance,41927021,Atlantic Care Government Clearing,7/3/2025,,,074,2 Or More Days Float,,
Balance,41927021,Atlantic Care Government Clearing,7/3/2025,,,075,3 Or More Days Float,,
Balance,41927021,Atlantic Care Government Clearing,7/3/2025,1568.73,,100,Total Credits,,
Balance,41927021,Atlantic Care Government Clearing,7/3/2025,1568.73,,400,Total Debits,,
Detail,41927021,Atlantic Care Government Clearing,7/3/2025,1568.73,,142,DDA ACH Deposit,194493,NOVITAS SOLUTION HCCLAIMPMT TRN*1*EFT5736939*1205296137*00
Detail,41927021,Atlantic Care Government Clearing,7/3/2025,,1568.73,577,Zero Balance Transfer Debit,6,SWEEP TO DDA     0041927018
Balance,41927021,Atlantic Care Government Clearing,7/2/2025,,,010,Opening Ledger,,
Balance,41927021,Atlantic Care Government Clearing,7/2/2025,,,015,Closing Ledger,,
Balance,41927021,Atlantic Care Government Clearing,7/2/2025,,,040,Opening Available,,
Balance,41927021,Atlantic Care Government Clearing,7/2/2025,,,045,Closing Available,,
Balance,41927021,Atlantic Care Government Clearing,7/2/2025,,,056,Loan Balance,,
Balance,41927021,Atlantic Care Government Clearing,7/2/2025,,,072,1 - Day Float,,
Balance,41927021,Atlantic Care Government Clearing,7/2/2025,,,074,2 Or More Days Float,,
Balance,41927021,Atlantic Care Government Clearing,7/2/2025,,,075,3 Or More Days Float,,
Balance,41927021,Atlantic Care Government Clearing,7/2/2025,26463.62,,100,Total Credits,,
Balance,41927021,Atlantic Care Government Clearing,7/2/2025,26463.62,,400,Total Debits,,
Detail,41927021,Atlantic Care Government Clearing,7/2/2025,26463.62,,142,DDA ACH Deposit,57414,NOVITAS SOLUTION HCCLAIMPMT TRN*1*EFT5735886*1205296137*00
Detail,41927021,Atlantic Care Government Clearing,7/2/2025,,26463.62,577,Zero Balance Transfer Debit,6,SWEEP TO DDA     0041927018
Balance,41927021,Atlantic Care Government Clearing,7/1/2025,,,010,Opening Ledger,,
Balance,41927021,Atlantic Care Government Clearing,7/1/2025,,,015,Closing Ledger,,
Balance,41927021,Atlantic Care Government Clearing,7/1/2025,,,040,Opening Available,,
Balance,41927021,Atlantic Care Government Clearing,7/1/2025,,,045,Closing Available,,
Balance,41927021,Atlantic Care Government Clearing,7/1/2025,,,056,Loan Balance,,
Balance,41927021,Atlantic Care Government Clearing,7/1/2025,,,072,1 - Day Float,,
Balance,41927021,Atlantic Care Government Clearing,7/1/2025,,,074,2 Or More Days Float,,
Balance,41927021,Atlantic Care Government Clearing,7/1/2025,,,075,3 Or More Days Float,,
Balance,41927021,Atlantic Care Government Clearing,7/1/2025,438198.22,,100,Total Credits,,
Balance,41927021,Atlantic Care Government Clearing,7/1/2025,438198.22,,400,Total Debits,,
Detail,41927021,Atlantic Care Government Clearing,7/1/2025,12768.54,,142,DDA ACH Deposit,148622,NOVITAS SOLUTION HCCLAIMPMT TRN*1*EFT5734493*1205296137*00
Detail,41927021,Atlantic Care Government Clearing,7/1/2025,,12768.54,577,Zero Balance Transfer Debit,6,SWEEP TO DDA     0041927018
